{"cameraMode":{"drawMode":0,"name":"Shaded","section":"Shading Mode"},"sceneLighting":true,"audioPlay":false,"sceneViewState":{"showFog":true,"showMaterialUpdate":true,"showSkybox":true,"showFlares":true,"showImageEffects":true,"showParticleSystems":true},"in2DMode":false,"pivot":{"x":-16.421199798583986,"y":-10.79350757598877,"z":-17.608444213867189},"rotation":{"x":-0.1373794823884964,"y":0.549507737159729,"z":-0.09217832237482071,"w":-0.8189452886581421},"size":40.317832946777347,"orthographic":false}